model,Mean absolute error [MPG]
DNN,1.6976739168167114
TPOT,1.7217628205128217
